order_id,order_time,expected_delivery,actual_delivery,no_of_pizzas,price
1,9/29/2023 21:22,9/29/2023 21:52,9/29/2023 21:52,8,59.25
2,6/3/2023 19:32,6/3/2023 20:02,6/3/2023 20:02,2,82.56
3,3/19/2023 18:14,3/19/2023 18:44,3/19/2023 18:44,5,77.7
4,6/21/2023 18:45,6/21/2023 19:15,6/21/2023 19:15,3,71.1
5,11/16/2023 20:24,11/16/2023 20:54,11/16/2023 20:54,1,72.74
6,6/1/2023 0:17,6/1/2023 0:47,6/1/2023 0:47,9,62.01
7,4/15/2023 15:29,4/15/2023 15:59,4/15/2023 15:59,8,59.82
8,11/3/2023 12:35,11/3/2023 13:05,11/3/2023 13:05,5,95.9
9,1/20/2023 21:36,1/20/2023 22:06,1/20/2023 22:06,6,52.15
10,7/31/2023 13:43,7/31/2023 14:13,7/31/2023 14:13,10,81.69
11,4/22/2023 17:13,4/22/2023 17:43,4/22/2023 17:43,6,59.05
12,7/24/2023 23:37,7/25/2023 0:07,7/25/2023 0:07,2,76.84
13,2/28/2023 10:21,2/28/2023 10:51,2/28/2023 10:51,1,27.16
14,7/17/2023 14:40,7/17/2023 15:10,7/17/2023 15:10,3,63.93
15,9/23/2023 13:17,9/23/2023 13:47,9/23/2023 13:47,6,93.79
16,10/7/2023 10:35,10/7/2023 11:05,10/7/2023 11:05,2,49.3
17,4/14/2023 2:34,4/14/2023 3:04,4/14/2023 3:04,9,23.39
18,1/22/2023 21:52,1/22/2023 22:22,1/22/2023 22:22,8,24.38
19,4/25/2023 14:08,4/25/2023 14:38,4/25/2023 14:38,8,49.31
20,11/19/2023 3:09,11/19/2023 3:39,11/19/2023 3:39,5,73.18
21,11/12/2023 15:37,11/12/2023 16:07,11/12/2023 16:07,9,49.36
22,6/24/2023 6:55,6/24/2023 7:25,6/24/2023 7:25,3,64.34
23,2/21/2023 8:54,2/21/2023 9:24,2/21/2023 9:24,3,43.15
24,2/3/2023 2:34,2/3/2023 3:04,2/3/2023 3:04,9,50.26
25,9/30/2023 13:12,9/30/2023 13:42,9/30/2023 13:42,5,65.59
26,3/25/2023 16:51,3/25/2023 17:21,,1,84.52
27,1/26/2023 21:43,1/26/2023 22:13,1/26/2023 22:13,9,96.48
28,6/29/2023 19:42,6/29/2023 20:12,6/29/2023 20:12,8,38.9
29,10/19/2023 23:53,10/20/2023 0:23,,10,94.67
30,7/9/2023 1:01,7/9/2023 1:31,,8,73.03
31,9/13/2023 20:01,9/13/2023 20:31,9/13/2023 20:31,7,79.04
32,9/10/2023 19:41,9/10/2023 20:11,9/10/2023 20:11,6,85.17
33,6/5/2023 12:46,6/5/2023 13:16,6/5/2023 13:21,8,58.98
34,12/4/2023 13:41,12/4/2023 14:11,12/4/2023 14:16,6,31.65
35,3/1/2023 6:22,3/1/2023 6:52,3/1/2023 6:57,6,47.65
36,12/6/2023 4:15,12/6/2023 4:45,12/6/2023 4:50,6,73.35
37,8/28/2023 13:53,8/28/2023 14:23,8/28/2023 14:28,6,62.1
38,10/28/2023 1:42,10/28/2023 2:12,10/28/2023 2:17,8,97.39
39,3/6/2023 0:14,3/6/2023 0:44,3/6/2023 0:49,4,29.6
40,12/18/2023 9:23,12/18/2023 9:53,12/18/2023 9:58,9,31.02
41,6/7/2023 20:38,6/7/2023 21:08,,4,35.57
42,9/14/2023 14:55,9/14/2023 15:25,,2,81.3
43,2/19/2023 9:21,2/19/2023 9:51,2/19/2023 9:51,4,86.1
44,2/28/2023 16:33,2/28/2023 17:03,2/28/2023 17:03,1,84.73
45,5/24/2023 11:59,5/24/2023 12:29,5/24/2023 12:29,8,88.74
46,2/5/2023 14:10,2/5/2023 14:40,2/5/2023 14:40,6,44.25
47,9/23/2023 0:51,9/23/2023 1:21,,8,94.97
48,2/13/2023 17:36,2/13/2023 18:06,2/13/2023 18:06,10,54.73
49,1/11/2023 7:09,1/11/2023 7:39,1/11/2023 7:39,1,52.44
50,4/23/2023 22:29,4/23/2023 22:59,4/23/2023 22:59,2,82.14
51,12/19/2023 21:16,12/19/2023 21:46,12/19/2023 21:46,4,33.64
52,12/16/2023 10:15,12/16/2023 10:45,12/16/2023 10:45,9,33.92
53,1/1/2023 13:00,1/1/2023 13:30,1/1/2023 13:30,8,61.33
54,8/8/2023 1:36,8/8/2023 2:06,8/8/2023 2:06,9,82.94
55,11/23/2023 3:38,11/23/2023 4:08,11/23/2023 4:08,4,70.99
56,8/24/2023 9:07,8/24/2023 9:37,8/24/2023 9:37,5,68.33
57,1/21/2023 15:00,1/21/2023 15:30,,6,24.74
58,7/11/2023 8:17,7/11/2023 8:47,,4,93.92
59,10/10/2023 15:18,10/10/2023 15:48,10/10/2023 15:48,8,69.99
60,8/5/2023 17:26,8/5/2023 17:56,8/5/2023 18:06,7,78.32
61,7/6/2023 11:54,7/6/2023 12:24,7/6/2023 12:34,8,83.95
62,9/6/2023 5:16,9/6/2023 5:46,9/6/2023 5:56,10,93.41
63,9/25/2023 15:20,9/25/2023 15:50,9/25/2023 16:00,9,20.08
64,5/30/2023 9:59,5/30/2023 10:29,5/30/2023 10:39,7,60.13
65,5/7/2023 7:37,5/7/2023 8:07,5/7/2023 8:17,4,77.24
66,11/7/2023 15:47,11/7/2023 16:17,11/7/2023 16:27,2,79.27
67,2/18/2023 19:39,2/18/2023 20:09,2/18/2023 20:19,9,73.77
68,5/12/2023 10:05,5/12/2023 10:35,5/12/2023 10:45,6,20.59
69,4/15/2023 5:56,4/15/2023 6:26,4/15/2023 6:36,8,74.02
70,9/6/2023 2:59,9/6/2023 3:29,9/6/2023 3:39,1,75.64
71,6/9/2023 8:49,6/9/2023 9:19,6/9/2023 9:19,7,27.17
72,4/4/2023 14:47,4/4/2023 15:17,4/4/2023 15:17,8,60.35
73,11/27/2023 0:04,11/27/2023 0:34,11/27/2023 0:34,3,92.13
74,3/14/2023 12:19,3/14/2023 12:49,3/14/2023 12:49,5,67.55
75,6/7/2023 16:28,6/7/2023 16:58,6/7/2023 16:58,2,31.17
76,7/29/2023 12:49,7/29/2023 13:19,7/29/2023 13:19,1,87.12
77,2/1/2023 16:42,2/1/2023 17:12,2/1/2023 17:12,1,48.96
78,7/25/2023 10:16,7/25/2023 10:46,7/25/2023 10:46,7,34.3
79,11/9/2023 6:52,11/9/2023 7:22,11/9/2023 7:22,7,86.32
80,4/11/2023 11:33,4/11/2023 12:03,4/11/2023 12:03,9,93.93
81,9/2/2023 20:35,9/2/2023 21:05,9/2/2023 21:05,9,65.04
82,1/22/2023 3:05,1/22/2023 3:35,1/22/2023 3:35,7,82.59
83,3/18/2023 3:13,3/18/2023 3:43,3/18/2023 3:43,1,66.28
84,8/17/2023 0:51,8/17/2023 1:21,8/17/2023 1:21,5,89.52
85,8/31/2023 3:19,8/31/2023 3:49,8/31/2023 3:49,4,70.3
86,5/24/2023 21:24,5/24/2023 21:54,5/24/2023 21:54,2,86.43
87,7/2/2023 0:36,7/2/2023 1:06,7/2/2023 1:06,6,23.61
88,2/15/2023 16:22,2/15/2023 16:52,2/15/2023 16:52,8,56.89
89,10/6/2023 1:43,10/6/2023 2:13,10/6/2023 2:13,2,68.22
90,4/25/2023 14:39,4/25/2023 15:09,4/25/2023 15:09,2,41.85
91,11/20/2023 17:50,11/20/2023 18:20,11/20/2023 18:20,8,24.06
92,10/24/2023 19:07,10/24/2023 19:37,10/24/2023 19:37,1,80.47
93,9/21/2023 1:36,9/21/2023 2:06,9/21/2023 2:06,10,47.75
94,12/29/2023 8:25,12/29/2023 8:55,12/29/2023 8:55,5,83.45
95,10/19/2023 16:44,10/19/2023 17:14,10/19/2023 17:14,5,83.37
96,3/5/2023 20:20,3/5/2023 20:50,3/5/2023 20:50,9,79.81
97,2/21/2023 10:20,2/21/2023 10:50,2/21/2023 10:50,1,49.01
98,5/1/2023 10:59,5/1/2023 11:29,5/1/2023 11:29,5,39.43
99,5/22/2023 6:52,5/22/2023 7:22,5/22/2023 7:22,10,44.04
100,5/18/2023 10:32,5/18/2023 11:02,5/18/2023 11:02,9,92.37
101,12/29/2023 11:17,12/29/2023 11:47,12/29/2023 11:47,4,64.71
102,8/4/2023 3:04,8/4/2023 3:34,8/4/2023 3:34,7,80.54
103,11/9/2023 10:52,11/9/2023 11:22,11/9/2023 11:22,5,28.75
104,4/1/2023 6:16,4/1/2023 6:46,4/1/2023 6:46,2,78.08
105,7/8/2023 2:25,7/8/2023 2:55,7/8/2023 2:55,9,92.42
106,6/14/2023 18:33,6/14/2023 19:03,6/14/2023 19:03,4,84.45
107,7/18/2023 17:43,7/18/2023 18:13,7/18/2023 18:13,4,36.49
108,10/4/2023 4:25,10/4/2023 4:55,10/4/2023 4:55,1,85.84
109,12/22/2023 9:00,12/22/2023 9:30,,8,54.17
110,4/22/2023 16:02,4/22/2023 16:32,4/22/2023 16:32,10,23.3
111,11/4/2023 6:40,11/4/2023 7:10,11/4/2023 7:10,3,77.63
112,2/2/2023 19:47,2/2/2023 20:17,2/2/2023 20:17,2,38.44
113,7/10/2023 1:11,7/10/2023 1:41,7/10/2023 1:41,8,37.37
114,4/7/2023 7:54,4/7/2023 8:24,4/7/2023 8:24,3,74.39
115,12/16/2023 3:20,12/16/2023 3:50,12/16/2023 3:50,10,27.77
116,11/4/2023 8:02,11/4/2023 8:32,11/4/2023 8:32,9,91.16
117,5/30/2023 10:36,5/30/2023 11:06,5/30/2023 11:06,9,48.91
118,3/23/2023 6:52,3/23/2023 7:22,3/23/2023 7:22,3,62.47
119,4/4/2023 16:24,4/4/2023 16:54,4/4/2023 16:54,10,23.63
120,10/6/2023 4:12,10/6/2023 4:42,10/6/2023 4:42,6,59.28
121,6/25/2023 9:31,6/25/2023 10:01,6/25/2023 10:01,4,28.54
122,5/24/2023 15:31,5/24/2023 16:01,5/24/2023 16:01,9,92.76
123,9/7/2023 16:11,9/7/2023 16:41,9/7/2023 16:41,6,36.29
124,4/1/2023 5:24,4/1/2023 5:54,4/1/2023 5:54,5,77.22
125,8/21/2023 18:34,8/21/2023 19:04,8/21/2023 19:04,9,22.95
126,6/22/2023 15:36,6/22/2023 16:06,6/22/2023 16:06,8,93.48
127,9/29/2023 1:39,9/29/2023 2:09,9/29/2023 2:09,2,22.04
128,2/7/2023 13:00,2/7/2023 13:30,2/7/2023 13:30,1,54.95
129,11/20/2023 14:17,11/20/2023 14:47,11/20/2023 14:47,9,53.04
130,9/21/2023 2:29,9/21/2023 2:59,9/21/2023 2:59,9,54.84
131,3/21/2023 2:14,3/21/2023 2:44,3/21/2023 2:44,9,34.65
132,10/18/2023 17:50,10/18/2023 18:20,10/18/2023 18:20,7,85.61
133,11/19/2023 2:25,11/19/2023 2:55,11/19/2023 2:55,7,77.88
134,5/20/2023 16:06,5/20/2023 16:36,5/20/2023 16:36,6,74.21
135,11/13/2023 11:11,11/13/2023 11:41,11/13/2023 11:41,6,63.9
136,4/19/2023 1:10,4/19/2023 1:40,4/19/2023 1:40,7,66.2
137,2/22/2023 0:04,2/22/2023 0:34,2/22/2023 0:34,10,69.9
138,9/21/2023 13:28,9/21/2023 13:58,9/21/2023 13:58,3,89.36
139,9/22/2023 17:58,9/22/2023 18:28,9/22/2023 18:28,7,82.67
140,6/14/2023 21:10,6/14/2023 21:40,6/14/2023 21:40,5,88.95
141,6/2/2023 1:40,6/2/2023 2:10,6/2/2023 2:10,7,33.49
142,7/28/2023 20:13,7/28/2023 20:43,7/28/2023 20:43,7,92.68
143,10/4/2023 23:25,10/4/2023 23:55,10/4/2023 23:55,4,39.39
144,6/13/2023 10:06,6/13/2023 10:36,,4,85.23
145,5/12/2023 13:19,5/12/2023 13:49,5/12/2023 13:49,5,64.32
146,5/31/2023 21:16,5/31/2023 21:46,5/31/2023 21:46,2,24.22
147,9/22/2023 0:50,9/22/2023 1:20,9/22/2023 1:20,8,97.53
148,6/26/2023 23:32,6/27/2023 0:02,6/27/2023 0:02,7,35.3
149,7/27/2023 16:08,7/27/2023 16:38,7/27/2023 16:38,3,74.4
150,9/15/2023 4:01,9/15/2023 4:31,,9,98.18
151,9/27/2023 20:16,9/27/2023 20:46,9/27/2023 20:46,9,77.13
152,3/7/2023 18:32,3/7/2023 19:02,3/7/2023 19:02,8,55.36
153,9/3/2023 1:12,9/3/2023 1:42,9/3/2023 1:42,9,56.26
154,1/5/2023 6:58,1/5/2023 7:28,1/5/2023 7:28,6,71.56
155,10/13/2023 8:54,10/13/2023 9:24,10/13/2023 9:24,9,33.35
156,5/13/2023 23:35,5/14/2023 0:05,5/14/2023 0:05,2,59.29
157,4/2/2023 20:02,4/2/2023 20:32,4/2/2023 20:32,10,25.97
158,11/29/2023 15:07,11/29/2023 15:37,11/29/2023 15:37,4,69.1
159,12/12/2023 15:18,12/12/2023 15:48,12/12/2023 15:48,8,62.75
160,11/29/2023 4:36,11/29/2023 5:06,11/29/2023 5:06,10,58.97
161,8/9/2023 11:34,8/9/2023 12:04,8/9/2023 12:04,2,56.9
162,12/6/2023 15:56,12/6/2023 16:26,12/6/2023 16:26,2,21.2
163,12/19/2023 14:25,12/19/2023 14:55,12/19/2023 14:55,9,26.05
164,11/8/2023 7:15,11/8/2023 7:45,11/8/2023 7:45,7,96.3
165,9/26/2023 21:55,9/26/2023 22:25,9/26/2023 22:25,7,60.89
166,6/9/2023 5:22,6/9/2023 5:52,6/9/2023 5:52,10,89.14
167,9/16/2023 6:27,9/16/2023 6:57,9/16/2023 6:57,5,50.45
168,3/15/2023 18:06,3/15/2023 18:36,,6,56.24
169,4/28/2023 19:07,4/28/2023 19:37,4/28/2023 19:37,6,20.51
170,2/18/2023 3:54,2/18/2023 4:24,2/18/2023 4:24,8,54.59
171,11/27/2023 9:02,11/27/2023 9:32,11/27/2023 9:32,9,85.63
172,4/12/2023 6:00,4/12/2023 6:30,4/12/2023 6:30,2,39.53
173,5/28/2023 7:00,5/28/2023 7:30,5/28/2023 7:30,7,71.08
174,5/5/2023 15:39,5/5/2023 16:09,5/5/2023 16:09,7,64.24
175,5/31/2023 0:39,5/31/2023 1:09,5/31/2023 1:09,7,43.21
176,10/24/2023 0:39,10/24/2023 1:09,10/24/2023 1:09,1,97.41
177,12/18/2023 11:25,12/18/2023 11:55,12/18/2023 11:55,3,45.04
178,1/8/2023 9:08,1/8/2023 9:38,,2,20.27
179,4/30/2023 5:03,4/30/2023 5:33,4/30/2023 5:33,3,72.41
180,7/31/2023 0:59,7/31/2023 1:29,7/31/2023 1:36,3,87.24
181,9/24/2023 1:37,9/24/2023 2:07,9/24/2023 2:14,8,76.15
182,3/10/2023 11:01,3/10/2023 11:31,3/10/2023 11:38,3,62.33
183,8/31/2023 2:50,8/31/2023 3:20,8/31/2023 3:27,7,62.54
184,10/8/2023 8:24,10/8/2023 8:54,10/8/2023 9:01,4,49.81
185,8/25/2023 13:30,8/25/2023 14:00,8/25/2023 14:07,3,91.61
186,3/20/2023 21:50,3/20/2023 22:20,3/20/2023 22:27,4,45.56
187,9/16/2023 10:35,9/16/2023 11:05,9/16/2023 11:12,4,20
188,7/14/2023 10:30,7/14/2023 11:00,7/14/2023 11:07,4,64.37
189,10/31/2023 9:30,10/31/2023 10:00,10/31/2023 10:07,2,31.74
190,4/15/2023 10:27,4/15/2023 10:57,4/15/2023 11:04,1,63.59
191,11/1/2023 23:48,11/2/2023 0:18,11/2/2023 0:18,3,45.25
192,1/5/2023 22:39,1/5/2023 23:09,1/5/2023 23:09,9,92.15
193,7/28/2023 14:36,7/28/2023 15:06,7/28/2023 15:06,2,96.53
194,4/3/2023 1:09,4/3/2023 1:39,4/3/2023 1:39,10,69.85
195,3/1/2023 11:42,3/1/2023 12:12,3/1/2023 12:12,5,22.31
196,11/14/2023 0:16,11/14/2023 0:46,11/14/2023 0:46,2,95.03
197,6/14/2023 22:20,6/14/2023 22:50,6/14/2023 22:50,9,91.23
198,10/31/2023 2:56,10/31/2023 3:26,10/31/2023 3:26,7,26.28
199,4/29/2023 15:42,4/29/2023 16:12,4/29/2023 16:12,6,40.41
200,12/18/2023 11:24,12/18/2023 11:54,12/18/2023 11:54,1,54.61
201,8/21/2023 14:27,8/21/2023 14:57,8/21/2023 14:57,7,74.33
202,12/24/2023 13:41,12/24/2023 14:11,12/24/2023 14:11,6,68.39
203,8/20/2023 3:02,8/20/2023 3:32,8/20/2023 3:32,5,42.55
204,6/11/2023 15:33,6/11/2023 16:03,6/11/2023 16:03,10,86.36
205,9/13/2023 14:41,9/13/2023 15:11,9/13/2023 15:11,2,69.15
206,9/16/2023 22:53,9/16/2023 23:23,,8,74.47
207,1/9/2023 17:39,1/9/2023 18:09,1/9/2023 18:09,5,99.64
208,3/12/2023 17:44,3/12/2023 18:14,3/12/2023 18:14,3,27.19
209,9/30/2023 20:59,9/30/2023 21:29,9/30/2023 21:29,5,23.16
210,12/17/2023 18:28,12/17/2023 18:58,12/17/2023 18:58,3,59.71
211,9/16/2023 16:45,9/16/2023 17:15,,1,26.1
212,4/4/2023 14:32,4/4/2023 15:02,4/4/2023 15:02,4,77.07
213,5/4/2023 1:35,5/4/2023 2:05,5/4/2023 2:05,3,31.44
214,1/20/2023 20:09,1/20/2023 20:39,1/20/2023 20:39,5,86.9
215,1/30/2023 5:30,1/30/2023 6:00,1/30/2023 6:00,1,52.81
216,11/19/2023 22:42,11/19/2023 23:12,11/19/2023 23:12,3,93.66
217,9/9/2023 0:01,9/9/2023 0:31,9/9/2023 0:31,1,30.63
218,4/25/2023 23:00,4/25/2023 23:30,4/25/2023 23:30,3,39.8
219,6/26/2023 22:35,6/26/2023 23:05,6/26/2023 23:05,7,40.57
220,10/17/2023 17:27,10/17/2023 17:57,,2,80.09
221,2/27/2023 19:13,2/27/2023 19:43,2/27/2023 19:43,5,54.65
222,8/19/2023 2:17,8/19/2023 2:47,8/19/2023 2:47,6,73.98
223,9/8/2023 10:28,9/8/2023 10:58,9/8/2023 10:58,3,61.09
224,8/26/2023 23:29,8/26/2023 23:59,8/26/2023 23:59,8,93.28
225,10/22/2023 23:55,10/23/2023 0:25,10/23/2023 0:25,10,40.2
226,4/16/2023 5:46,4/16/2023 6:16,4/16/2023 6:16,2,43.04
227,11/24/2023 0:41,11/24/2023 1:11,11/24/2023 1:11,8,69.67
228,9/29/2023 6:03,9/29/2023 6:33,9/29/2023 6:33,6,21.81
229,5/15/2023 14:17,5/15/2023 14:47,5/15/2023 14:47,7,36.57
230,9/23/2023 6:36,9/23/2023 7:06,9/23/2023 7:06,4,66.09
231,11/27/2023 0:37,11/27/2023 1:07,11/27/2023 1:07,10,37.56
232,7/30/2023 1:01,7/30/2023 1:31,7/30/2023 1:31,4,77.66
233,7/28/2023 6:51,7/28/2023 7:21,7/28/2023 7:21,8,83.41
234,9/7/2023 14:01,9/7/2023 14:31,9/7/2023 14:31,8,23.44
235,1/25/2023 5:26,1/25/2023 5:56,,3,58.97
236,2/4/2023 10:08,2/4/2023 10:38,2/4/2023 10:38,7,36.23
237,2/3/2023 8:46,2/3/2023 9:16,2/3/2023 9:16,5,34.55
238,10/23/2023 9:57,10/23/2023 10:27,10/23/2023 10:27,8,42.76
239,8/28/2023 16:05,8/28/2023 16:35,8/28/2023 16:35,5,87.45
240,6/12/2023 20:18,6/12/2023 20:48,6/12/2023 20:48,8,99.46
241,11/17/2023 8:24,11/17/2023 8:54,11/17/2023 8:54,2,30.88
242,10/3/2023 19:30,10/3/2023 20:00,10/3/2023 20:00,6,77.97
243,1/6/2023 10:28,1/6/2023 10:58,1/6/2023 10:58,2,78.09
244,2/11/2023 0:31,2/11/2023 1:01,2/11/2023 1:01,9,49.02
245,9/21/2023 8:49,9/21/2023 9:19,9/21/2023 9:19,5,70.71
246,2/11/2023 10:46,2/11/2023 11:16,2/11/2023 11:16,5,92.29
247,11/1/2023 13:33,11/1/2023 14:03,11/1/2023 14:03,1,57.11
248,9/21/2023 10:27,9/21/2023 10:57,9/21/2023 10:57,6,63.71
249,5/11/2023 20:57,5/11/2023 21:27,5/11/2023 21:27,4,91.06
250,3/25/2023 0:01,3/25/2023 0:31,3/25/2023 0:31,10,91.24
251,11/13/2023 21:02,11/13/2023 21:32,11/13/2023 21:32,7,34.23
252,8/1/2023 0:16,8/1/2023 0:46,8/1/2023 0:46,10,20.19
253,5/1/2023 0:46,5/1/2023 1:16,5/1/2023 1:16,2,98.8
254,11/22/2023 7:35,11/22/2023 8:05,11/22/2023 8:20,5,33.7
255,10/10/2023 15:23,10/10/2023 15:53,10/10/2023 16:08,1,83.28
256,7/1/2023 6:52,7/1/2023 7:22,7/1/2023 7:37,1,71.26
257,11/5/2023 5:53,11/5/2023 6:23,11/5/2023 6:38,7,88.87
258,3/8/2023 6:19,3/8/2023 6:49,3/8/2023 7:04,3,84.02
259,9/5/2023 4:35,9/5/2023 5:05,9/5/2023 5:20,10,58.85
260,12/10/2023 9:34,12/10/2023 10:04,12/10/2023 10:19,8,31.83
261,8/18/2023 16:34,8/18/2023 17:04,8/18/2023 17:19,8,97.05
262,2/19/2023 4:45,2/19/2023 5:15,2/19/2023 5:30,9,47.87
263,11/19/2023 4:49,11/19/2023 5:19,11/19/2023 5:34,1,62.22
264,8/14/2023 15:27,8/14/2023 15:57,8/14/2023 16:12,8,27.24
265,9/10/2023 16:11,9/10/2023 16:41,9/10/2023 16:56,7,31.67
266,6/2/2023 4:07,6/2/2023 4:37,6/2/2023 4:37,4,28.22
267,11/19/2023 4:09,11/19/2023 4:39,,7,33.4
268,4/23/2023 7:15,4/23/2023 7:45,4/23/2023 7:45,1,97.32
269,3/10/2023 1:29,3/10/2023 1:59,,10,36.77
270,8/1/2023 6:17,8/1/2023 6:47,8/1/2023 6:47,3,57.9
271,12/13/2023 21:55,12/13/2023 22:25,12/13/2023 22:25,5,75.97
272,1/16/2023 1:55,1/16/2023 2:25,1/16/2023 2:25,7,74.27
273,12/4/2023 15:49,12/4/2023 16:19,12/4/2023 16:19,5,89.94
274,4/22/2023 19:46,4/22/2023 20:16,4/22/2023 20:16,1,23.19
275,6/22/2023 11:25,6/22/2023 11:55,6/22/2023 11:55,2,63.98
276,4/3/2023 1:51,4/3/2023 2:21,4/3/2023 2:21,9,39.18
277,8/3/2023 1:53,8/3/2023 2:23,8/3/2023 2:23,1,95.82
278,1/4/2023 7:52,1/4/2023 8:22,1/4/2023 8:22,4,72.79
279,10/27/2023 14:23,10/27/2023 14:53,10/27/2023 14:53,10,52.15
280,9/28/2023 16:56,9/28/2023 17:26,9/28/2023 17:26,9,86.32
281,5/2/2023 8:07,5/2/2023 8:37,5/2/2023 8:37,5,61.38
282,2/14/2023 5:57,2/14/2023 6:27,2/14/2023 6:27,9,42.23
283,7/7/2023 11:47,7/7/2023 12:17,7/7/2023 12:17,9,77.67
284,6/27/2023 0:51,6/27/2023 1:21,6/27/2023 1:21,10,85.22
285,10/18/2023 23:28,10/18/2023 23:58,10/18/2023 23:58,8,64.3
286,2/4/2023 5:46,2/4/2023 6:16,2/4/2023 6:16,6,69.9
287,11/18/2023 14:05,11/18/2023 14:35,11/18/2023 14:35,10,58.38
288,11/16/2023 13:03,11/16/2023 13:33,11/16/2023 13:33,2,20.89
289,11/22/2023 15:59,11/22/2023 16:29,11/22/2023 16:29,5,33.27
290,5/6/2023 10:23,5/6/2023 10:53,5/6/2023 10:53,1,30.26
291,8/28/2023 11:43,8/28/2023 12:13,8/28/2023 12:13,9,31.05
292,12/12/2023 11:01,12/12/2023 11:31,12/12/2023 11:31,10,84.19
293,12/3/2023 4:01,12/3/2023 4:31,12/3/2023 4:31,1,54.66
294,8/7/2023 3:34,8/7/2023 4:04,8/7/2023 4:04,9,63.45
295,10/6/2023 5:07,10/6/2023 5:37,10/6/2023 5:37,1,73.23
296,6/26/2023 17:21,6/26/2023 17:51,6/26/2023 17:51,2,28.63
297,5/5/2023 2:02,5/5/2023 2:32,5/5/2023 2:32,1,84.13
298,10/2/2023 14:04,10/2/2023 14:34,10/2/2023 14:34,6,72.43
299,5/16/2023 2:16,5/16/2023 2:46,5/16/2023 2:46,3,52.78
300,8/29/2023 7:19,8/29/2023 7:49,8/29/2023 7:49,2,61.49
301,8/27/2023 12:31,8/27/2023 13:01,8/27/2023 13:01,7,99.85
302,7/7/2023 6:26,7/7/2023 6:56,7/7/2023 6:56,6,52.18
303,1/22/2023 8:23,1/22/2023 8:53,1/22/2023 8:53,3,29.18
304,10/16/2023 1:02,10/16/2023 1:32,10/16/2023 1:32,1,47.23
305,8/18/2023 4:59,8/18/2023 5:29,8/18/2023 5:29,6,64.42
306,7/12/2023 0:45,7/12/2023 1:15,7/12/2023 1:15,5,37.3
307,10/2/2023 8:58,10/2/2023 9:28,10/2/2023 9:28,1,76.15
308,4/6/2023 15:01,4/6/2023 15:31,4/6/2023 15:31,8,71.38
309,6/13/2023 7:02,6/13/2023 7:32,6/13/2023 7:32,2,75.8
310,2/26/2023 7:51,2/26/2023 8:21,2/26/2023 8:21,5,41.84
311,3/9/2023 16:53,3/9/2023 17:23,3/9/2023 17:23,8,36.11
312,11/19/2023 1:35,11/19/2023 2:05,11/19/2023 2:05,2,83.31
313,2/27/2023 2:59,2/27/2023 3:29,2/27/2023 3:29,6,41.64
314,11/6/2023 3:00,11/6/2023 3:30,11/6/2023 3:30,5,83.08
315,2/23/2023 12:05,2/23/2023 12:35,2/23/2023 12:35,6,20.97
316,10/21/2023 23:05,10/21/2023 23:35,10/21/2023 23:35,2,21.57
317,10/11/2023 10:22,10/11/2023 10:52,10/11/2023 10:52,9,88.91
318,3/6/2023 0:56,3/6/2023 1:26,3/6/2023 1:26,6,41.62
319,11/5/2023 0:00,11/5/2023 0:30,11/5/2023 0:30,4,77.9
320,8/13/2023 21:56,8/13/2023 22:26,8/13/2023 22:26,4,83.59
321,7/7/2023 17:40,7/7/2023 18:10,7/7/2023 18:10,8,75.35
322,8/27/2023 5:39,8/27/2023 6:09,8/27/2023 6:09,4,26.6
323,12/4/2023 9:45,12/4/2023 10:15,12/4/2023 10:15,1,64.54
324,8/26/2023 15:07,8/26/2023 15:37,8/26/2023 15:37,7,39.49
325,6/22/2023 13:32,6/22/2023 14:02,6/22/2023 14:02,10,95.82
326,5/12/2023 1:35,5/12/2023 2:05,5/12/2023 2:05,8,68.27
327,6/30/2023 11:20,6/30/2023 11:50,6/30/2023 11:50,2,32.92
328,8/21/2023 17:16,8/21/2023 17:46,8/21/2023 17:46,7,60.78
329,10/13/2023 19:32,10/13/2023 20:02,10/13/2023 20:02,7,99.34
330,10/18/2023 3:50,10/18/2023 4:20,,10,94.78
331,10/7/2023 20:52,10/7/2023 21:22,10/7/2023 21:22,2,95.61
332,7/21/2023 13:56,7/21/2023 14:26,7/21/2023 14:26,5,23.85
333,12/14/2023 11:04,12/14/2023 11:34,12/14/2023 11:34,1,81.41
334,5/10/2023 7:22,5/10/2023 7:52,5/10/2023 7:52,10,65.83
335,5/21/2023 11:02,5/21/2023 11:32,5/21/2023 11:32,2,94.17
336,1/5/2023 6:48,1/5/2023 7:18,1/5/2023 7:18,9,75.13
337,6/9/2023 1:31,6/9/2023 2:01,6/9/2023 2:01,7,21.98
338,8/13/2023 6:02,8/13/2023 6:32,8/13/2023 6:32,4,67.26
339,9/1/2023 21:57,9/1/2023 22:27,9/1/2023 22:27,3,76.62
340,4/5/2023 0:49,4/5/2023 1:19,4/5/2023 1:19,9,65.35
341,6/13/2023 15:54,6/13/2023 16:24,6/13/2023 16:24,7,89.85
342,7/24/2023 13:49,7/24/2023 14:19,7/24/2023 14:19,5,57.86
343,4/16/2023 17:43,4/16/2023 18:13,4/16/2023 18:13,3,32.57
344,5/4/2023 12:26,5/4/2023 12:56,5/4/2023 12:56,6,40
345,2/19/2023 20:29,2/19/2023 20:59,,5,45.22
346,11/1/2023 5:26,11/1/2023 5:56,11/1/2023 5:56,2,69.42
347,8/7/2023 12:45,8/7/2023 13:15,,7,57.92
348,1/29/2023 22:36,1/29/2023 23:06,1/29/2023 23:06,6,85.45
349,8/10/2023 8:07,8/10/2023 8:37,8/10/2023 8:37,2,67.63
350,1/21/2023 2:17,1/21/2023 2:47,1/21/2023 2:47,1,29.18
351,8/1/2023 18:05,8/1/2023 18:35,8/1/2023 18:35,3,85.1
352,9/15/2023 17:00,9/15/2023 17:30,,8,54.59
353,3/10/2023 14:27,3/10/2023 14:57,3/10/2023 14:57,8,64.17
354,1/30/2023 22:52,1/30/2023 23:22,1/30/2023 23:22,5,76.92
355,5/2/2023 4:04,5/2/2023 4:34,5/2/2023 4:34,2,39.69
356,6/2/2023 18:08,6/2/2023 18:38,6/2/2023 18:38,10,70.82
357,4/20/2023 8:07,4/20/2023 8:37,4/20/2023 8:37,1,61.24
358,5/27/2023 10:38,5/27/2023 11:08,5/27/2023 11:08,7,95.99
359,11/7/2023 3:44,11/7/2023 4:14,11/7/2023 4:14,10,35.94
360,7/2/2023 5:40,7/2/2023 6:10,7/2/2023 6:10,2,75.14
361,4/27/2023 15:15,4/27/2023 15:45,4/27/2023 15:45,1,99.5
362,4/25/2023 0:46,4/25/2023 1:16,4/25/2023 1:16,3,22.38
363,10/23/2023 9:54,10/23/2023 10:24,10/23/2023 10:24,2,99.9
364,8/28/2023 8:29,8/28/2023 8:59,8/28/2023 8:59,1,35.66
365,3/12/2023 22:36,3/12/2023 23:06,3/12/2023 23:06,7,88.86
366,11/29/2023 12:29,11/29/2023 12:59,11/29/2023 12:59,8,99.4
367,12/17/2023 2:45,12/17/2023 3:15,12/17/2023 3:15,1,39.65
368,4/6/2023 5:52,4/6/2023 6:22,4/6/2023 6:22,9,70.91
369,7/16/2023 16:56,7/16/2023 17:26,7/16/2023 17:26,6,39.37
370,6/7/2023 0:03,6/7/2023 0:33,6/7/2023 0:33,7,50.21
371,1/2/2023 5:25,1/2/2023 5:55,1/2/2023 5:55,1,71.57
372,1/22/2023 9:17,1/22/2023 9:47,1/22/2023 9:47,8,30.41
373,2/5/2023 13:27,2/5/2023 13:57,2/5/2023 13:57,1,98.53
374,2/12/2023 13:43,2/12/2023 14:13,2/12/2023 14:13,3,70.59
375,8/16/2023 10:57,8/16/2023 11:27,8/16/2023 11:27,6,53.18
376,8/13/2023 15:32,8/13/2023 16:02,,2,85.07
377,1/15/2023 6:16,1/15/2023 6:46,1/15/2023 6:46,7,46.42
378,11/10/2023 18:23,11/10/2023 18:53,11/10/2023 18:53,3,94.59
379,9/11/2023 1:06,9/11/2023 1:36,9/11/2023 1:36,7,70.16
380,8/9/2023 19:26,8/9/2023 19:56,8/9/2023 19:56,3,93.51
381,12/11/2023 8:21,12/11/2023 8:51,12/11/2023 8:51,4,90.59
382,6/10/2023 21:22,6/10/2023 21:52,6/10/2023 21:52,5,44.55
383,5/3/2023 21:07,5/3/2023 21:37,5/3/2023 21:37,8,59.34
384,5/17/2023 11:48,5/17/2023 12:18,5/17/2023 12:18,2,43.11
385,8/5/2023 10:22,8/5/2023 10:52,8/5/2023 10:52,3,66.48
386,3/11/2023 19:18,3/11/2023 19:48,3/11/2023 19:48,3,64.88
387,12/24/2023 6:00,12/24/2023 6:30,12/24/2023 6:30,2,90.22
388,12/1/2023 6:51,12/1/2023 7:21,12/1/2023 7:21,5,57.69
389,9/25/2023 19:15,9/25/2023 19:45,9/25/2023 19:45,4,53.52
390,5/20/2023 17:00,5/20/2023 17:30,5/20/2023 17:30,2,96.14
391,8/24/2023 22:30,8/24/2023 23:00,8/24/2023 23:00,6,32.09
392,2/14/2023 13:05,2/14/2023 13:35,2/14/2023 13:35,7,82.28
393,5/11/2023 23:59,5/12/2023 0:29,5/12/2023 0:29,2,64.37
394,1/18/2023 12:16,1/18/2023 12:46,1/18/2023 12:46,10,99.86
395,8/4/2023 13:50,8/4/2023 14:20,8/4/2023 14:20,8,22.37
396,5/19/2023 12:09,5/19/2023 12:39,5/19/2023 12:39,8,55.29
397,5/17/2023 17:37,5/17/2023 18:07,5/17/2023 18:07,8,60.94
398,9/26/2023 23:53,9/27/2023 0:23,9/27/2023 0:23,2,82.71
399,4/16/2023 3:54,4/16/2023 4:24,4/16/2023 4:24,3,79.6
400,2/8/2023 7:32,2/8/2023 8:02,2/8/2023 8:02,3,48.78
401,6/2/2023 20:30,6/2/2023 21:00,6/2/2023 21:00,7,87.37
402,12/10/2023 8:01,12/10/2023 8:31,12/10/2023 8:31,1,85.63
403,11/2/2023 21:26,11/2/2023 21:56,11/2/2023 21:56,9,71.5
404,10/25/2023 12:26,10/25/2023 12:56,10/25/2023 12:56,10,73
405,5/8/2023 1:09,5/8/2023 1:39,5/8/2023 1:39,3,21.35
406,9/24/2023 11:46,9/24/2023 12:16,9/24/2023 12:16,5,52.37
407,8/3/2023 7:42,8/3/2023 8:12,8/3/2023 8:12,10,90.04
408,3/21/2023 11:30,3/21/2023 12:00,3/21/2023 12:00,5,49.04
409,12/6/2023 20:21,12/6/2023 20:51,12/6/2023 20:51,8,50.53
410,10/10/2023 19:49,10/10/2023 20:19,10/10/2023 20:19,4,94.28
411,5/10/2023 1:32,5/10/2023 2:02,5/10/2023 2:02,1,33.14
412,8/13/2023 6:43,8/13/2023 7:13,8/13/2023 7:13,3,61.58
413,10/29/2023 8:31,10/29/2023 9:01,10/29/2023 9:01,2,56.42
414,9/20/2023 17:26,9/20/2023 17:56,9/20/2023 17:56,7,43.09
415,10/14/2023 16:03,10/14/2023 16:33,10/14/2023 16:33,7,46.46
416,4/10/2023 10:51,4/10/2023 11:21,4/10/2023 11:21,3,40
417,1/26/2023 4:00,1/26/2023 4:30,1/26/2023 4:30,6,23.23
418,11/17/2023 6:03,11/17/2023 6:33,11/17/2023 6:33,6,51.52
419,5/7/2023 4:16,5/7/2023 4:46,5/7/2023 4:46,7,24.77
420,2/8/2023 18:57,2/8/2023 19:27,2/8/2023 19:27,1,76.84
421,1/15/2023 6:30,1/15/2023 7:00,1/15/2023 7:00,6,55.6
422,7/14/2023 18:52,7/14/2023 19:22,7/14/2023 19:22,4,76.23
423,10/6/2023 10:35,10/6/2023 11:05,10/6/2023 11:05,4,74.83
424,10/11/2023 1:21,10/11/2023 1:51,10/11/2023 1:51,4,55.54
425,12/23/2023 11:47,12/23/2023 12:17,12/23/2023 12:17,4,74.36
426,5/10/2023 15:36,5/10/2023 16:06,5/10/2023 16:06,5,98.59
427,6/8/2023 23:33,6/9/2023 0:03,6/9/2023 0:03,1,73.02
428,1/21/2023 19:36,1/21/2023 20:06,1/21/2023 20:06,5,33.38
429,10/10/2023 13:11,10/10/2023 13:41,10/10/2023 13:41,3,87.28
430,2/13/2023 15:37,2/13/2023 16:07,2/13/2023 16:07,9,61.36
431,2/6/2023 0:55,2/6/2023 1:25,2/6/2023 1:25,2,28.18
432,8/9/2023 0:26,8/9/2023 0:56,8/9/2023 0:56,9,32.84
433,2/3/2023 1:09,2/3/2023 1:39,2/3/2023 1:39,4,85.97
434,10/26/2023 9:56,10/26/2023 10:26,10/26/2023 10:26,3,25.58
435,7/10/2023 13:50,7/10/2023 14:20,7/10/2023 14:20,3,83.85
436,9/1/2023 15:09,9/1/2023 15:39,9/1/2023 15:39,4,64.72
437,8/26/2023 4:48,8/26/2023 5:18,8/26/2023 5:18,7,66.1
438,5/20/2023 11:03,5/20/2023 11:33,5/20/2023 11:33,7,45.95
439,4/30/2023 1:25,4/30/2023 1:55,4/30/2023 1:55,2,49.32
440,5/29/2023 12:12,5/29/2023 12:42,5/29/2023 12:42,7,33.43
441,1/24/2023 12:04,1/24/2023 12:34,1/24/2023 12:34,5,29.74
442,10/31/2023 10:40,10/31/2023 11:10,10/31/2023 11:10,3,87.27
443,8/13/2023 22:11,8/13/2023 22:41,8/13/2023 22:43,10,91.84
444,5/14/2023 17:43,5/14/2023 18:13,5/14/2023 18:15,10,95.23
445,1/13/2023 23:40,1/14/2023 0:10,1/14/2023 0:12,6,27.7
446,6/13/2023 16:25,6/13/2023 16:55,6/13/2023 16:57,4,22.06
447,4/2/2023 17:29,4/2/2023 17:59,4/2/2023 18:01,10,45.73
448,4/29/2023 0:16,4/29/2023 0:46,4/29/2023 0:48,8,44.27
449,11/26/2023 3:45,11/26/2023 4:15,11/26/2023 4:17,3,67.98
450,7/7/2023 19:03,7/7/2023 19:33,7/7/2023 19:35,1,57.25
451,8/7/2023 20:14,8/7/2023 20:44,8/7/2023 20:46,7,25.21
452,2/17/2023 18:52,2/17/2023 19:22,2/17/2023 19:24,4,86.87
453,1/6/2023 9:45,1/6/2023 10:15,1/6/2023 10:17,5,70.61
454,1/21/2023 21:24,1/21/2023 21:54,1/21/2023 21:56,6,56.88
455,11/25/2023 16:30,11/25/2023 17:00,11/25/2023 17:02,7,87.35
456,9/23/2023 14:02,9/23/2023 14:32,9/23/2023 14:34,4,32.59
457,11/24/2023 23:03,11/24/2023 23:33,11/24/2023 23:35,8,33.73
458,2/10/2023 8:49,2/10/2023 9:19,2/10/2023 9:21,8,57.85
459,5/31/2023 20:35,5/31/2023 21:05,5/31/2023 21:07,4,52.39
460,12/3/2023 23:22,12/3/2023 23:52,12/3/2023 23:54,2,95.58
461,12/30/2023 17:19,12/30/2023 17:49,12/30/2023 17:51,9,68.78
462,5/11/2023 22:22,5/11/2023 22:52,5/11/2023 22:54,3,21.36
463,6/28/2023 10:08,6/28/2023 10:38,6/28/2023 10:40,7,88.1
464,5/14/2023 0:59,5/14/2023 1:29,5/14/2023 1:31,6,89.55
465,10/13/2023 14:15,10/13/2023 14:45,10/13/2023 14:47,4,21.23
466,6/16/2023 23:07,6/16/2023 23:37,6/16/2023 23:39,7,71.45
467,4/9/2023 14:05,4/9/2023 14:35,4/9/2023 14:37,10,24.81
468,10/27/2023 17:01,10/27/2023 17:31,10/27/2023 17:33,5,97.82
469,11/30/2023 15:32,11/30/2023 16:02,11/30/2023 16:04,5,20.48
470,12/6/2023 10:47,12/6/2023 11:17,12/6/2023 11:19,4,97.52
471,2/18/2023 21:40,2/18/2023 22:10,2/18/2023 22:12,1,49.25
472,12/19/2023 20:56,12/19/2023 21:26,12/19/2023 21:28,9,36.31
473,8/24/2023 12:05,8/24/2023 12:35,8/24/2023 12:37,3,86.24
474,12/26/2023 2:14,12/26/2023 2:44,12/26/2023 2:46,3,70.29
475,7/19/2023 2:59,7/19/2023 3:29,7/19/2023 3:31,2,55.03
476,10/23/2023 21:55,10/23/2023 22:25,10/23/2023 22:25,10,39.76
477,12/27/2023 1:49,12/27/2023 2:19,,6,39.99
478,5/12/2023 23:53,5/13/2023 0:23,5/13/2023 0:23,7,66.73
479,1/29/2023 1:05,1/29/2023 1:35,1/29/2023 1:35,9,66.96
480,12/28/2023 20:31,12/28/2023 21:01,12/28/2023 21:01,10,93.32
481,3/25/2023 18:47,3/25/2023 19:17,3/25/2023 19:17,2,75.05
482,9/21/2023 4:29,9/21/2023 4:59,9/21/2023 4:59,2,54.26
483,8/24/2023 17:06,8/24/2023 17:36,8/24/2023 17:36,3,20.96
484,3/19/2023 2:39,3/19/2023 3:09,3/19/2023 3:09,1,54.04
485,9/18/2023 7:05,9/18/2023 7:35,9/18/2023 7:35,4,71.42
486,4/7/2023 15:08,4/7/2023 15:38,4/7/2023 15:38,1,93.79
487,12/22/2023 11:18,12/22/2023 11:48,12/22/2023 11:48,3,98.58
488,8/6/2023 7:52,8/6/2023 8:22,8/6/2023 8:22,2,60.52
489,11/11/2023 9:15,11/11/2023 9:45,11/11/2023 9:45,3,29.77
490,8/21/2023 2:36,8/21/2023 3:06,8/21/2023 3:06,8,60
491,7/26/2023 16:34,7/26/2023 17:04,7/26/2023 17:04,10,57.77
492,7/17/2023 3:58,7/17/2023 4:28,7/17/2023 4:28,1,35.2
493,8/4/2023 16:55,8/4/2023 17:25,8/4/2023 17:25,5,22.16
494,2/24/2023 6:40,2/24/2023 7:10,2/24/2023 7:10,10,33.17
495,8/29/2023 13:32,8/29/2023 14:02,,9,89.49
496,8/28/2023 6:23,8/28/2023 6:53,8/28/2023 6:53,7,50.98
497,8/3/2023 9:03,8/3/2023 9:33,8/3/2023 9:33,2,21.2
498,10/28/2023 4:36,10/28/2023 5:06,,7,69.16
499,1/24/2023 23:22,1/24/2023 23:52,1/24/2023 23:52,9,64.3
500,9/25/2023 16:05,9/25/2023 16:35,9/25/2023 16:35,4,37.59
501,2/9/2023 18:56,2/9/2023 19:26,2/9/2023 19:26,4,95.32
502,3/28/2023 4:12,3/28/2023 4:42,3/28/2023 4:42,2,86.1
503,10/3/2023 22:53,10/3/2023 23:23,10/3/2023 23:23,10,60.64
504,6/28/2023 9:06,6/28/2023 9:36,6/28/2023 9:36,8,63.89
505,3/28/2023 12:11,3/28/2023 12:41,3/28/2023 12:41,7,66.45
506,11/1/2023 17:57,11/1/2023 18:27,11/1/2023 18:27,3,53.75
507,7/22/2023 0:48,7/22/2023 1:18,7/22/2023 1:18,5,63.51
508,8/10/2023 20:08,8/10/2023 20:38,8/10/2023 20:38,5,40.16
509,11/16/2023 14:16,11/16/2023 14:46,11/16/2023 14:46,9,79.82
510,3/26/2023 13:07,3/26/2023 13:37,3/26/2023 13:37,6,89.21
511,3/20/2023 0:19,3/20/2023 0:49,3/20/2023 0:49,9,31.95
512,3/23/2023 16:43,3/23/2023 17:13,3/23/2023 17:13,6,86.72
513,5/2/2023 14:38,5/2/2023 15:08,5/2/2023 15:08,1,30.52
514,4/5/2023 7:12,4/5/2023 7:42,4/5/2023 7:42,1,65.52
515,7/12/2023 0:25,7/12/2023 0:55,7/12/2023 0:55,2,79.43
516,10/1/2023 6:15,10/1/2023 6:45,10/1/2023 6:45,1,27.52
517,8/17/2023 21:23,8/17/2023 21:53,8/17/2023 21:53,5,92.99
518,12/4/2023 7:21,12/4/2023 7:51,12/4/2023 7:51,8,42.29
519,12/6/2023 7:51,12/6/2023 8:21,12/6/2023 8:21,9,45.63
520,9/7/2023 6:03,9/7/2023 6:33,,1,44.05
521,8/13/2023 22:40,8/13/2023 23:10,8/13/2023 23:10,2,24.98
522,9/16/2023 22:11,9/16/2023 22:41,9/16/2023 22:41,1,33.88
523,4/24/2023 19:52,4/24/2023 20:22,4/24/2023 20:22,9,55.04
524,12/2/2023 21:30,12/2/2023 22:00,12/2/2023 22:00,1,86.03
525,11/8/2023 1:21,11/8/2023 1:51,11/8/2023 1:51,7,85.44
526,10/29/2023 2:27,10/29/2023 2:57,,2,40.81
527,9/7/2023 13:28,9/7/2023 13:58,9/7/2023 13:58,5,24.92
528,8/14/2023 4:45,8/14/2023 5:15,8/14/2023 5:15,1,60.08
529,10/12/2023 16:12,10/12/2023 16:42,10/12/2023 16:42,5,72.55
530,10/27/2023 19:09,10/27/2023 19:39,10/27/2023 19:39,3,55.31
531,10/2/2023 7:13,10/2/2023 7:43,10/2/2023 7:43,5,68.72
532,6/27/2023 5:13,6/27/2023 5:43,,5,28.81
533,10/6/2023 8:37,10/6/2023 9:07,10/6/2023 9:07,9,41.19
534,3/11/2023 15:02,3/11/2023 15:32,3/11/2023 15:32,4,52.87
535,2/21/2023 12:26,2/21/2023 12:56,2/21/2023 12:56,6,93.82
536,1/13/2023 3:17,1/13/2023 3:47,1/13/2023 3:47,1,22.95
537,2/8/2023 4:23,2/8/2023 4:53,2/8/2023 4:53,7,60.65
538,12/16/2023 3:43,12/16/2023 4:13,12/16/2023 4:13,9,34.01
539,2/9/2023 5:56,2/9/2023 6:26,2/9/2023 6:26,10,26.85
540,12/16/2023 11:34,12/16/2023 12:04,12/16/2023 12:04,7,64.37
541,4/23/2023 7:57,4/23/2023 8:27,4/23/2023 8:27,10,76.12
542,4/30/2023 22:18,4/30/2023 22:48,4/30/2023 22:48,4,52.81
543,10/25/2023 2:37,10/25/2023 3:07,10/25/2023 3:07,9,74.85
544,11/17/2023 2:04,11/17/2023 2:34,11/17/2023 2:34,7,60.31
545,6/26/2023 2:25,6/26/2023 2:55,6/26/2023 2:55,10,61.77
546,6/9/2023 0:58,6/9/2023 1:28,6/9/2023 1:28,1,87.96
547,4/24/2023 2:00,4/24/2023 2:30,4/24/2023 2:30,5,45.65
548,2/28/2023 21:46,2/28/2023 22:16,2/28/2023 22:16,8,65.61
549,3/26/2023 23:45,3/27/2023 0:15,3/27/2023 0:15,7,75.31
550,2/9/2023 2:17,2/9/2023 2:47,2/9/2023 2:47,8,27.05
551,2/28/2023 11:52,2/28/2023 12:22,2/28/2023 12:22,1,71.99
552,8/10/2023 19:04,8/10/2023 19:34,8/10/2023 19:34,2,90.5
553,1/13/2023 16:59,1/13/2023 17:29,1/13/2023 17:29,6,85.03
554,12/12/2023 13:52,12/12/2023 14:22,12/12/2023 14:22,3,85.02
555,8/5/2023 11:41,8/5/2023 12:11,8/5/2023 12:11,6,67.12
556,10/7/2023 12:05,10/7/2023 12:35,10/7/2023 12:35,9,90.62
557,9/12/2023 8:14,9/12/2023 8:44,9/12/2023 8:44,4,92.77
558,3/3/2023 5:23,3/3/2023 5:53,3/3/2023 5:53,7,23.03
559,3/9/2023 20:06,3/9/2023 20:36,3/9/2023 20:36,1,37.37
560,5/4/2023 16:50,5/4/2023 17:20,5/4/2023 17:33,1,25.35
561,9/29/2023 12:06,9/29/2023 12:36,9/29/2023 12:49,10,79.09
562,4/4/2023 2:30,4/4/2023 3:00,4/4/2023 3:13,5,54.9
563,6/30/2023 3:57,6/30/2023 4:27,6/30/2023 4:40,3,84.47
564,3/22/2023 6:50,3/22/2023 7:20,3/22/2023 7:33,8,35.23
565,11/6/2023 16:56,11/6/2023 17:26,11/6/2023 17:39,4,34.88
566,2/15/2023 3:29,2/15/2023 3:59,2/15/2023 4:12,7,34.18
567,11/13/2023 9:02,11/13/2023 9:32,11/13/2023 9:45,5,98.06
568,5/11/2023 19:54,5/11/2023 20:24,5/11/2023 20:37,8,94.93
569,3/24/2023 16:49,3/24/2023 17:19,3/24/2023 17:19,9,31.46
570,5/11/2023 20:49,5/11/2023 21:19,5/11/2023 21:19,3,70.66
571,9/12/2023 21:52,9/12/2023 22:22,9/12/2023 22:22,1,83.08
572,5/5/2023 12:03,5/5/2023 12:33,5/5/2023 12:33,7,37.42
573,3/23/2023 17:05,3/23/2023 17:35,3/23/2023 17:35,3,80.62
574,8/15/2023 8:51,8/15/2023 9:21,8/15/2023 9:21,1,30.33
575,6/25/2023 11:38,6/25/2023 12:08,6/25/2023 12:08,2,38.86
576,2/14/2023 7:50,2/14/2023 8:20,2/14/2023 8:20,3,56.35
577,11/3/2023 12:55,11/3/2023 13:25,,5,48.55
578,11/24/2023 21:03,11/24/2023 21:33,11/24/2023 21:33,7,37.58
579,7/11/2023 7:02,7/11/2023 7:32,7/11/2023 7:32,10,36.56
580,4/22/2023 20:09,4/22/2023 20:39,4/22/2023 20:39,1,81.29
581,8/27/2023 20:18,8/27/2023 20:48,8/27/2023 20:48,7,83.12
582,6/23/2023 16:03,6/23/2023 16:33,6/23/2023 16:33,1,66.88
583,5/17/2023 9:48,5/17/2023 10:18,5/17/2023 10:18,6,79.83
584,6/24/2023 18:34,6/24/2023 19:04,6/24/2023 19:04,2,60.21
585,2/25/2023 5:13,2/25/2023 5:43,2/25/2023 5:43,7,74.34
586,5/3/2023 9:30,5/3/2023 10:00,5/3/2023 10:00,7,67.74
587,10/11/2023 7:28,10/11/2023 7:58,10/11/2023 7:58,5,51.07
588,5/28/2023 10:47,5/28/2023 11:17,5/28/2023 11:17,10,50.48
589,6/2/2023 19:58,6/2/2023 20:28,6/2/2023 20:28,10,57.35
590,7/4/2023 14:38,7/4/2023 15:08,7/4/2023 15:08,10,90.8
591,8/14/2023 2:18,8/14/2023 2:48,8/14/2023 2:48,10,90
592,5/10/2023 7:07,5/10/2023 7:37,5/10/2023 7:37,6,93.84
593,11/30/2023 13:40,11/30/2023 14:10,11/30/2023 14:10,4,70.03
594,1/11/2023 8:38,1/11/2023 9:08,1/11/2023 9:08,6,41.1
595,7/2/2023 23:52,7/3/2023 0:22,7/3/2023 0:22,6,23.82
596,11/6/2023 5:35,11/6/2023 6:05,11/6/2023 6:05,3,90.97
597,8/24/2023 7:20,8/24/2023 7:50,8/24/2023 7:50,3,96.51
598,11/29/2023 14:34,11/29/2023 15:04,,10,65.67
599,3/12/2023 10:31,3/12/2023 11:01,3/12/2023 11:01,7,85.62
600,3/25/2023 20:57,3/25/2023 21:27,3/25/2023 21:27,9,74.24
601,4/21/2023 18:01,4/21/2023 18:31,4/21/2023 18:31,5,93.16
602,3/1/2023 12:22,3/1/2023 12:52,3/1/2023 12:52,6,80.13
603,10/16/2023 3:11,10/16/2023 3:41,10/16/2023 3:41,6,44.17
604,7/31/2023 14:32,7/31/2023 15:02,7/31/2023 15:02,5,85.65
605,2/11/2023 19:34,2/11/2023 20:04,2/11/2023 20:04,3,71.79
606,6/9/2023 5:52,6/9/2023 6:22,6/9/2023 6:22,4,32.28
607,6/9/2023 3:01,6/9/2023 3:31,6/9/2023 3:31,9,57.32
608,2/24/2023 20:32,2/24/2023 21:02,2/24/2023 21:02,9,94.35
609,11/27/2023 3:05,11/27/2023 3:35,11/27/2023 3:35,9,32.52
610,6/8/2023 15:30,6/8/2023 16:00,6/8/2023 16:00,3,29.34
611,4/23/2023 11:26,4/23/2023 11:56,4/23/2023 11:56,8,57.56
612,12/28/2023 4:46,12/28/2023 5:16,12/28/2023 5:16,10,51.84
613,2/17/2023 15:45,2/17/2023 16:15,2/17/2023 16:15,5,41.47
614,9/5/2023 21:02,9/5/2023 21:32,9/5/2023 21:32,5,77.3
615,4/30/2023 20:02,4/30/2023 20:32,4/30/2023 20:32,3,20.46
616,3/19/2023 13:12,3/19/2023 13:42,3/19/2023 13:42,9,45.89
617,1/5/2023 0:50,1/5/2023 1:20,1/5/2023 1:20,2,41.51
618,10/19/2023 7:28,10/19/2023 7:58,10/19/2023 7:58,3,83.02
619,4/28/2023 14:01,4/28/2023 14:31,4/28/2023 14:31,9,78.37
620,8/12/2023 12:44,8/12/2023 13:14,8/12/2023 13:14,9,54.79
621,12/21/2023 13:09,12/21/2023 13:39,12/21/2023 13:39,3,93.21
622,1/12/2023 8:30,1/12/2023 9:00,1/12/2023 9:00,2,98.59
623,9/22/2023 4:09,9/22/2023 4:39,9/22/2023 4:39,5,51.67
624,5/11/2023 2:27,5/11/2023 2:57,5/11/2023 2:57,10,38.48
625,5/23/2023 12:56,5/23/2023 13:26,5/23/2023 13:26,6,47.82
626,9/30/2023 1:05,9/30/2023 1:35,9/30/2023 1:35,9,33.29
627,10/12/2023 1:01,10/12/2023 1:31,10/12/2023 1:31,2,84.98
628,5/19/2023 7:56,5/19/2023 8:26,5/19/2023 8:26,8,29.44
629,3/27/2023 0:38,3/27/2023 1:08,3/27/2023 1:08,8,76.43
630,4/16/2023 19:30,4/16/2023 20:00,4/16/2023 20:00,2,37.7
631,3/27/2023 8:28,3/27/2023 8:58,3/27/2023 8:58,5,58.88
632,11/30/2023 13:52,11/30/2023 14:22,11/30/2023 14:22,8,34.31
633,8/8/2023 17:23,8/8/2023 17:53,8/8/2023 17:53,9,37.17
634,5/27/2023 1:47,5/27/2023 2:17,5/27/2023 2:17,1,96.89
635,5/24/2023 9:51,5/24/2023 10:21,5/24/2023 10:21,6,66.85
636,9/9/2023 17:26,9/9/2023 17:56,9/9/2023 17:56,7,60.68
637,7/24/2023 2:12,7/24/2023 2:42,7/24/2023 2:42,4,49.91
638,7/31/2023 20:13,7/31/2023 20:43,7/31/2023 20:43,7,53.56
639,1/27/2023 19:43,1/27/2023 20:13,1/27/2023 20:13,5,24.3
640,1/15/2023 15:55,1/15/2023 16:25,1/15/2023 16:25,4,21.14
641,3/31/2023 22:40,3/31/2023 23:10,3/31/2023 23:10,1,87.75
642,3/29/2023 3:24,3/29/2023 3:54,3/29/2023 3:54,8,27.56
643,7/8/2023 16:49,7/8/2023 17:19,7/8/2023 17:19,4,25.87
644,1/21/2023 18:05,1/21/2023 18:35,1/21/2023 18:35,7,52.94
645,6/16/2023 6:51,6/16/2023 7:21,,8,43.79
646,11/10/2023 6:25,11/10/2023 6:55,11/10/2023 6:55,4,77.86
647,11/24/2023 22:21,11/24/2023 22:51,,3,92.95
648,6/21/2023 16:23,6/21/2023 16:53,6/21/2023 16:53,1,79.41
649,2/28/2023 11:50,2/28/2023 12:20,2/28/2023 12:20,5,50.89
650,2/4/2023 1:25,2/4/2023 1:55,2/4/2023 1:55,4,93.43
651,7/26/2023 5:37,7/26/2023 6:07,7/26/2023 6:07,7,88.29
652,4/12/2023 19:53,4/12/2023 20:23,4/12/2023 20:23,5,37.22
653,3/21/2023 16:47,3/21/2023 17:17,3/21/2023 17:17,1,78.77
654,7/18/2023 13:37,7/18/2023 14:07,7/18/2023 14:07,4,88.79
655,4/26/2023 22:23,4/26/2023 22:53,4/26/2023 22:53,8,59.77
656,6/26/2023 5:11,6/26/2023 5:41,6/26/2023 5:41,3,60.96
657,6/2/2023 22:52,6/2/2023 23:22,6/2/2023 23:22,7,29.48
658,3/10/2023 0:27,3/10/2023 0:57,3/10/2023 0:57,1,65.02
659,7/26/2023 3:27,7/26/2023 3:57,7/26/2023 3:57,1,97.24
660,5/14/2023 5:37,5/14/2023 6:07,5/14/2023 6:07,6,49.23
661,11/27/2023 3:03,11/27/2023 3:33,11/27/2023 3:33,6,49.56
662,12/23/2023 22:28,12/23/2023 22:58,,9,55.34
663,5/25/2023 17:56,5/25/2023 18:26,5/25/2023 18:26,6,35.65
664,12/22/2023 16:23,12/22/2023 16:53,12/22/2023 16:53,9,92.36
665,1/9/2023 14:47,1/9/2023 15:17,1/9/2023 15:17,8,74.21
666,3/10/2023 14:10,3/10/2023 14:40,3/10/2023 14:40,2,98.33
667,9/17/2023 3:18,9/17/2023 3:48,9/17/2023 3:48,10,32.55
668,12/14/2023 17:36,12/14/2023 18:06,12/14/2023 18:06,4,65.17
669,4/4/2023 18:48,4/4/2023 19:18,4/4/2023 19:18,3,58.61
670,11/23/2023 3:48,11/23/2023 4:18,,10,41.72
671,1/17/2023 10:13,1/17/2023 10:43,1/17/2023 10:43,8,41.98
672,11/17/2023 5:08,11/17/2023 5:38,11/17/2023 5:38,5,25.76
673,2/2/2023 6:01,2/2/2023 6:31,2/2/2023 6:31,10,35.76
674,12/16/2023 8:40,12/16/2023 9:10,12/16/2023 9:10,6,45.33
675,5/13/2023 5:33,5/13/2023 6:03,5/13/2023 6:03,8,50.06
676,5/16/2023 10:03,5/16/2023 10:33,5/16/2023 10:33,1,43.92
677,2/14/2023 21:24,2/14/2023 21:54,2/14/2023 21:54,10,90.35
678,1/4/2023 12:05,1/4/2023 12:35,1/4/2023 12:35,6,21.61
679,4/17/2023 18:34,4/17/2023 19:04,4/17/2023 19:04,10,91.47
680,5/31/2023 12:31,5/31/2023 13:01,5/31/2023 13:01,2,53.98
681,1/25/2023 15:49,1/25/2023 16:19,1/25/2023 16:19,5,27.68
682,9/18/2023 16:22,9/18/2023 16:52,9/18/2023 16:52,6,99.55
683,9/30/2023 8:07,9/30/2023 8:37,9/30/2023 8:37,6,95.77
684,4/5/2023 10:53,4/5/2023 11:23,4/5/2023 11:23,6,33.56
685,8/16/2023 3:41,8/16/2023 4:11,8/16/2023 4:11,9,80.14
686,3/28/2023 22:02,3/28/2023 22:32,3/28/2023 22:32,2,53.41
687,6/16/2023 17:09,6/16/2023 17:39,6/16/2023 17:39,5,32.59
688,7/1/2023 5:29,7/1/2023 5:59,7/1/2023 5:59,8,52.46
689,7/1/2023 9:20,7/1/2023 9:50,7/1/2023 9:50,4,92.43
690,8/21/2023 15:00,8/21/2023 15:30,8/21/2023 15:30,3,53.96
691,8/12/2023 23:17,8/12/2023 23:47,8/12/2023 23:47,10,31.1
692,8/28/2023 21:21,8/28/2023 21:51,8/28/2023 21:51,6,62.57
693,1/22/2023 4:57,1/22/2023 5:27,1/22/2023 5:27,6,52.05
694,1/26/2023 3:38,1/26/2023 4:08,1/26/2023 4:08,8,73.39
695,5/15/2023 9:36,5/15/2023 10:06,5/15/2023 10:06,2,75.85
696,10/19/2023 18:35,10/19/2023 19:05,10/19/2023 19:05,10,83.29
697,8/25/2023 17:13,8/25/2023 17:43,8/25/2023 17:43,5,21.91
698,6/25/2023 11:51,6/25/2023 12:21,,2,37.17
699,2/28/2023 10:13,2/28/2023 10:43,2/28/2023 10:43,6,87.7
700,6/19/2023 22:09,6/19/2023 22:39,6/19/2023 22:39,8,67.07
701,12/19/2023 20:07,12/19/2023 20:37,12/19/2023 20:37,8,46.34
702,9/20/2023 21:17,9/20/2023 21:47,,9,91.28
703,3/17/2023 15:28,3/17/2023 15:58,3/17/2023 16:28,8,57.28
704,4/9/2023 22:37,4/9/2023 23:07,4/9/2023 23:37,5,98.64
705,11/18/2023 3:24,11/18/2023 3:54,11/18/2023 4:24,4,46.8
706,4/10/2023 19:09,4/10/2023 19:39,4/10/2023 20:09,10,86.93
707,10/18/2023 8:46,10/18/2023 9:16,10/18/2023 9:46,10,26.73
708,1/11/2023 11:26,1/11/2023 11:56,1/11/2023 12:26,8,69.74
709,5/14/2023 23:30,5/15/2023 0:00,5/15/2023 0:30,3,81.97
710,6/28/2023 4:56,6/28/2023 5:26,6/28/2023 5:56,10,34.75
711,4/3/2023 9:57,4/3/2023 10:27,4/3/2023 10:57,8,74.19
712,9/30/2023 2:11,9/30/2023 2:41,9/30/2023 3:11,9,66.07
713,11/25/2023 17:14,11/25/2023 17:44,11/25/2023 18:14,3,22.19
714,10/13/2023 22:07,10/13/2023 22:37,10/13/2023 23:07,5,98.72
715,2/6/2023 14:31,2/6/2023 15:01,2/6/2023 15:31,2,32.46
716,11/10/2023 17:50,11/10/2023 18:20,11/10/2023 18:50,6,52.5
717,8/26/2023 16:01,8/26/2023 16:31,8/26/2023 17:01,4,38.84
718,2/13/2023 20:07,2/13/2023 20:37,2/13/2023 21:07,1,82.76
719,10/11/2023 10:32,10/11/2023 11:02,10/11/2023 11:32,1,81.09
720,3/17/2023 22:01,3/17/2023 22:31,3/17/2023 23:01,5,95.49
721,11/4/2023 15:11,11/4/2023 15:41,11/4/2023 16:11,4,61.5
722,11/11/2023 13:00,11/11/2023 13:30,11/11/2023 14:00,8,70.41
723,3/14/2023 21:51,3/14/2023 22:21,3/14/2023 22:51,9,74.2
724,4/9/2023 19:25,4/9/2023 19:55,4/9/2023 20:25,3,44.14
725,11/23/2023 7:48,11/23/2023 8:18,11/23/2023 8:48,8,98.35
726,9/2/2023 19:07,9/2/2023 19:37,9/2/2023 20:07,6,64.35
727,6/24/2023 23:51,6/25/2023 0:21,6/25/2023 0:51,8,58.45
728,3/5/2023 14:01,3/5/2023 14:31,3/5/2023 15:01,3,62.26
729,11/3/2023 16:18,11/3/2023 16:48,11/3/2023 17:18,3,33.19
730,3/27/2023 11:30,3/27/2023 12:00,3/27/2023 12:30,4,36.67
731,11/18/2023 5:11,11/18/2023 5:41,11/18/2023 6:11,9,29.89
732,3/11/2023 13:11,3/11/2023 13:41,3/11/2023 14:11,4,53.86
733,7/20/2023 2:50,7/20/2023 3:20,7/20/2023 3:50,8,72.93
734,2/5/2023 14:32,2/5/2023 15:02,2/5/2023 15:32,2,46.64
735,10/30/2023 13:16,10/30/2023 13:46,10/30/2023 14:16,8,84.17
736,11/30/2023 4:21,11/30/2023 4:51,11/30/2023 5:21,1,61.28
737,7/21/2023 22:08,7/21/2023 22:38,7/21/2023 23:08,8,82.87
738,11/22/2023 12:23,11/22/2023 12:53,11/22/2023 13:23,3,47.33
739,9/20/2023 18:10,9/20/2023 18:40,9/20/2023 19:10,1,25.34
740,5/11/2023 23:25,5/11/2023 23:55,5/12/2023 0:25,10,88.06
741,10/15/2023 6:18,10/15/2023 6:48,10/15/2023 7:18,2,22.88
742,5/9/2023 18:39,5/9/2023 19:09,5/9/2023 19:39,3,50.11
743,7/31/2023 8:10,7/31/2023 8:40,7/31/2023 9:10,1,71.84
744,9/18/2023 23:17,9/18/2023 23:47,9/19/2023 0:17,2,36.01
745,2/22/2023 12:04,2/22/2023 12:34,2/22/2023 13:04,3,90.88
746,12/16/2023 5:28,12/16/2023 5:58,12/16/2023 5:58,2,62.87
747,1/30/2023 11:04,1/30/2023 11:34,1/30/2023 11:34,9,44.49
748,4/29/2023 13:58,4/29/2023 14:28,4/29/2023 14:28,5,74.69
749,1/19/2023 17:56,1/19/2023 18:26,1/19/2023 18:26,5,36.89
750,7/22/2023 7:21,7/22/2023 7:51,7/22/2023 7:51,4,98.36
751,4/8/2023 11:51,4/8/2023 12:21,4/8/2023 12:21,2,66.42
752,3/22/2023 3:58,3/22/2023 4:28,3/22/2023 4:28,8,88.06
753,6/14/2023 10:24,6/14/2023 10:54,,10,40.58
754,10/1/2023 0:34,10/1/2023 1:04,10/1/2023 1:04,2,43.24
755,7/7/2023 16:39,7/7/2023 17:09,7/7/2023 17:09,4,48.27
756,1/9/2023 11:07,1/9/2023 11:37,1/9/2023 11:37,7,30.43
757,5/17/2023 2:49,5/17/2023 3:19,5/17/2023 3:19,7,66.24
758,7/16/2023 2:01,7/16/2023 2:31,7/16/2023 2:31,2,59.48
759,11/24/2023 11:55,11/24/2023 12:25,11/24/2023 12:25,6,93.64
760,4/20/2023 16:21,4/20/2023 16:51,4/20/2023 16:51,6,91.87
761,4/22/2023 1:48,4/22/2023 2:18,4/22/2023 2:18,2,31.99
762,10/23/2023 1:55,10/23/2023 2:25,10/23/2023 2:25,2,97.96
763,1/10/2023 13:16,1/10/2023 13:46,1/10/2023 13:46,1,78
764,2/9/2023 16:46,2/9/2023 17:16,2/9/2023 17:16,3,54.02
765,7/3/2023 10:39,7/3/2023 11:09,7/3/2023 11:09,1,58.26
766,4/11/2023 7:28,4/11/2023 7:58,4/11/2023 7:58,2,62.64
767,1/28/2023 16:27,1/28/2023 16:57,1/28/2023 16:57,4,77.44
768,7/15/2023 16:29,7/15/2023 16:59,,7,73.03
769,6/3/2023 9:57,6/3/2023 10:27,6/3/2023 10:27,5,32.42
770,4/16/2023 2:21,4/16/2023 2:51,4/16/2023 2:51,6,73.93
771,9/17/2023 16:48,9/17/2023 17:18,9/17/2023 17:18,7,32.83
772,8/29/2023 2:01,8/29/2023 2:31,8/29/2023 2:31,9,60.2
773,7/23/2023 9:45,7/23/2023 10:15,7/23/2023 10:15,9,23.16
774,8/19/2023 14:32,8/19/2023 15:02,8/19/2023 15:02,9,57.46
775,11/7/2023 10:46,11/7/2023 11:16,11/7/2023 11:16,2,70.32
776,10/11/2023 17:38,10/11/2023 18:08,10/11/2023 18:08,3,53.72
777,3/9/2023 5:16,3/9/2023 5:46,3/9/2023 5:46,1,30.55
778,12/14/2023 9:15,12/14/2023 9:45,12/14/2023 9:45,3,78.49
779,2/4/2023 9:31,2/4/2023 10:01,2/4/2023 10:01,5,43.84
780,11/17/2023 19:55,11/17/2023 20:25,11/17/2023 20:25,4,58.1
781,6/13/2023 9:37,6/13/2023 10:07,6/13/2023 10:07,4,78.63
782,12/3/2023 16:12,12/3/2023 16:42,12/3/2023 16:42,5,97.92
783,2/9/2023 15:19,2/9/2023 15:49,2/9/2023 15:49,7,80.89
784,10/24/2023 20:15,10/24/2023 20:45,10/24/2023 20:45,5,35.04
785,6/3/2023 5:49,6/3/2023 6:19,6/3/2023 6:19,3,75.13
786,10/17/2023 23:57,10/18/2023 0:27,10/18/2023 0:27,5,59.84
787,8/15/2023 5:25,8/15/2023 5:55,8/15/2023 5:55,2,55.62
788,2/28/2023 6:09,2/28/2023 6:39,2/28/2023 6:39,3,99.76
789,3/18/2023 14:29,3/18/2023 14:59,3/18/2023 14:59,5,45.7
790,2/13/2023 3:32,2/13/2023 4:02,,4,84.14
791,1/8/2023 18:35,1/8/2023 19:05,1/8/2023 19:05,5,45.04
792,5/3/2023 20:16,5/3/2023 20:46,5/3/2023 20:46,2,85.78
793,3/5/2023 10:32,3/5/2023 11:02,3/5/2023 11:02,7,82.55
794,3/18/2023 0:22,3/18/2023 0:52,3/18/2023 0:52,10,44.21
795,2/5/2023 7:33,2/5/2023 8:03,2/5/2023 8:03,10,88.41
796,3/25/2023 0:03,3/25/2023 0:33,3/25/2023 0:33,5,36.46
797,2/5/2023 0:35,2/5/2023 1:05,2/5/2023 1:05,10,50.9
798,7/21/2023 0:33,7/21/2023 1:03,7/21/2023 1:03,3,49.02
799,6/27/2023 12:01,6/27/2023 12:31,6/27/2023 12:31,8,25.12
800,12/26/2023 15:12,12/26/2023 15:42,12/26/2023 15:42,1,38.15
801,3/2/2023 3:50,3/2/2023 4:20,3/2/2023 4:20,5,56.48
802,5/29/2023 22:44,5/29/2023 23:14,,4,47.25
803,5/18/2023 6:27,5/18/2023 6:57,5/18/2023 6:57,10,69.38
804,3/14/2023 3:13,3/14/2023 3:43,3/14/2023 3:43,6,35.25
805,2/23/2023 0:28,2/23/2023 0:58,2/23/2023 0:58,6,51.47
806,3/18/2023 0:11,3/18/2023 0:41,3/18/2023 0:41,4,33.8
807,10/19/2023 10:44,10/19/2023 11:14,10/19/2023 11:14,7,80.61
808,3/29/2023 19:11,3/29/2023 19:41,3/29/2023 19:41,7,62.4
809,7/18/2023 9:58,7/18/2023 10:28,7/18/2023 10:28,10,67.07
810,1/15/2023 6:04,1/15/2023 6:34,1/15/2023 6:34,3,32.08
811,2/26/2023 20:10,2/26/2023 20:40,2/26/2023 20:40,7,47.6
812,1/21/2023 20:40,1/21/2023 21:10,1/21/2023 21:10,10,45.18
813,12/7/2023 5:25,12/7/2023 5:55,12/7/2023 5:55,1,62.73
814,12/3/2023 4:45,12/3/2023 5:15,12/3/2023 5:15,5,24.97
815,7/10/2023 8:05,7/10/2023 8:35,7/10/2023 8:35,4,58.56
816,9/25/2023 22:49,9/25/2023 23:19,9/25/2023 23:19,10,60.85
817,4/9/2023 4:37,4/9/2023 5:07,4/9/2023 5:07,4,67.16
818,3/2/2023 5:16,3/2/2023 5:46,3/2/2023 5:46,1,65.13
819,5/19/2023 15:20,5/19/2023 15:50,5/19/2023 15:50,10,27.47
820,2/28/2023 19:45,2/28/2023 20:15,2/28/2023 20:15,7,49.32
821,10/21/2023 1:09,10/21/2023 1:39,10/21/2023 1:39,5,51.58
822,11/1/2023 1:59,11/1/2023 2:29,11/1/2023 2:29,4,61.39
823,8/28/2023 10:26,8/28/2023 10:56,8/28/2023 10:56,9,33.34
824,7/29/2023 1:30,7/29/2023 2:00,7/29/2023 2:00,9,63.62
825,12/1/2023 21:56,12/1/2023 22:26,12/1/2023 22:26,10,97.64
826,3/3/2023 17:48,3/3/2023 18:18,3/3/2023 18:18,3,29.71
827,2/11/2023 5:06,2/11/2023 5:36,2/11/2023 5:36,1,74.39
828,2/16/2023 5:41,2/16/2023 6:11,2/16/2023 6:11,9,77.76
829,5/26/2023 17:07,5/26/2023 17:37,5/26/2023 17:37,9,54.45
830,8/29/2023 3:18,8/29/2023 3:48,8/29/2023 3:48,1,30.01
831,9/20/2023 11:45,9/20/2023 12:15,9/20/2023 12:15,3,32.58
832,10/24/2023 16:09,10/24/2023 16:39,10/24/2023 17:04,1,73.13
833,12/16/2023 18:09,12/16/2023 18:39,12/16/2023 19:04,2,61.23
834,6/19/2023 16:18,6/19/2023 16:48,6/19/2023 17:13,1,96.73
835,2/25/2023 20:22,2/25/2023 20:52,2/25/2023 21:17,3,76.73
836,4/10/2023 15:21,4/10/2023 15:51,4/10/2023 16:16,9,39.17
837,9/4/2023 9:37,9/4/2023 10:07,9/4/2023 10:32,8,28.18
838,1/30/2023 22:38,1/30/2023 23:08,1/30/2023 23:33,2,85.48
839,1/28/2023 13:05,1/28/2023 13:35,1/28/2023 14:00,4,45.07
840,11/17/2023 2:01,11/17/2023 2:31,11/17/2023 2:56,9,65.09
841,10/17/2023 9:17,10/17/2023 9:47,10/17/2023 10:12,1,49.65
842,10/18/2023 11:51,10/18/2023 12:21,10/18/2023 12:46,8,53.14
843,7/12/2023 0:37,7/12/2023 1:07,7/12/2023 1:32,5,53.35
844,7/28/2023 23:47,7/29/2023 0:17,7/29/2023 0:42,2,26.6
845,2/3/2023 16:49,2/3/2023 17:19,2/3/2023 17:19,1,71.88
846,3/18/2023 18:40,3/18/2023 19:10,,7,61.9
847,2/28/2023 9:47,2/28/2023 10:17,2/28/2023 10:17,5,49.69
848,11/14/2023 4:40,11/14/2023 5:10,11/14/2023 5:10,4,46.19
849,12/13/2023 11:16,12/13/2023 11:46,12/13/2023 11:46,5,69.51
850,1/22/2023 17:56,1/22/2023 18:26,,10,27
851,6/13/2023 7:17,6/13/2023 7:47,6/13/2023 7:47,7,80.07
852,2/19/2023 12:02,2/19/2023 12:32,2/19/2023 12:32,4,56.66
853,3/10/2023 23:22,3/10/2023 23:52,3/10/2023 23:52,3,50.26
854,3/15/2023 2:59,3/15/2023 3:29,3/15/2023 3:29,7,63.21
855,9/6/2023 1:48,9/6/2023 2:18,9/6/2023 2:18,5,88.65
856,9/10/2023 6:36,9/10/2023 7:06,9/10/2023 7:06,1,83.21
857,4/18/2023 3:20,4/18/2023 3:50,4/18/2023 3:50,9,73.78
858,4/19/2023 4:47,4/19/2023 5:17,4/19/2023 5:17,5,34.25
859,2/7/2023 0:04,2/7/2023 0:34,2/7/2023 0:34,6,73.24
860,2/13/2023 16:17,2/13/2023 16:47,2/13/2023 16:47,9,20.37
861,11/22/2023 13:02,11/22/2023 13:32,11/22/2023 13:32,10,97.81
862,4/30/2023 6:16,4/30/2023 6:46,4/30/2023 6:46,3,82.92
863,2/7/2023 22:16,2/7/2023 22:46,2/7/2023 22:46,2,73.22
864,5/25/2023 18:58,5/25/2023 19:28,5/25/2023 19:28,7,49.29
865,9/14/2023 18:15,9/14/2023 18:45,9/14/2023 18:45,1,63.72
866,11/24/2023 9:17,11/24/2023 9:47,11/24/2023 9:47,6,58.25
867,2/23/2023 9:17,2/23/2023 9:47,2/23/2023 9:47,2,26.33
868,6/30/2023 0:10,6/30/2023 0:40,6/30/2023 0:40,8,27.27
869,1/28/2023 4:17,1/28/2023 4:47,1/28/2023 4:47,9,57.62
870,10/11/2023 16:10,10/11/2023 16:40,10/11/2023 16:40,6,35.19
871,3/8/2023 3:51,3/8/2023 4:21,3/8/2023 4:21,2,59.96
872,6/13/2023 9:33,6/13/2023 10:03,6/13/2023 10:03,5,70.53
873,6/10/2023 23:15,6/10/2023 23:45,6/10/2023 23:45,5,75.94
874,5/16/2023 5:54,5/16/2023 6:24,5/16/2023 6:24,5,77.12
875,11/3/2023 7:02,11/3/2023 7:32,11/3/2023 7:32,5,83.39
876,7/26/2023 2:46,7/26/2023 3:16,7/26/2023 3:16,5,76.72
877,1/9/2023 11:10,1/9/2023 11:40,1/9/2023 11:40,7,89.57
878,6/1/2023 16:12,6/1/2023 16:42,6/1/2023 16:42,3,39.32
879,4/21/2023 1:45,4/21/2023 2:15,,5,90.15
880,10/1/2023 6:43,10/1/2023 7:13,10/1/2023 7:13,5,51.77
881,10/29/2023 10:48,10/29/2023 11:18,10/29/2023 11:18,1,70.08
882,4/12/2023 21:54,4/12/2023 22:24,,6,33.03
883,2/6/2023 23:28,2/6/2023 23:58,2/6/2023 23:58,3,78.59
884,12/4/2023 9:41,12/4/2023 10:11,,7,80.29
885,10/7/2023 15:55,10/7/2023 16:25,10/7/2023 16:25,4,38.86
886,8/12/2023 1:29,8/12/2023 1:59,8/12/2023 1:59,6,72.18
887,4/10/2023 20:14,4/10/2023 20:44,4/10/2023 20:44,9,76.12
888,7/24/2023 1:53,7/24/2023 2:23,7/24/2023 2:23,3,89.74
889,7/17/2023 4:33,7/17/2023 5:03,7/17/2023 5:03,9,71.31
890,2/18/2023 14:15,2/18/2023 14:45,2/18/2023 14:45,4,48.35
891,12/24/2023 10:34,12/24/2023 11:04,12/24/2023 11:04,4,69.25
892,11/9/2023 15:43,11/9/2023 16:13,11/9/2023 16:13,8,73.42
893,2/5/2023 5:43,2/5/2023 6:13,2/5/2023 6:13,7,37.5
894,9/16/2023 9:22,9/16/2023 9:52,9/16/2023 9:52,5,35.35
895,6/18/2023 20:33,6/18/2023 21:03,6/18/2023 21:03,4,87.92
896,6/8/2023 4:11,6/8/2023 4:41,6/8/2023 4:41,3,41.56
897,11/27/2023 0:54,11/27/2023 1:24,11/27/2023 1:24,9,52.15
898,4/3/2023 6:13,4/3/2023 6:43,4/3/2023 6:43,6,72.42
899,11/5/2023 4:19,11/5/2023 4:49,11/5/2023 4:49,7,43.35
900,2/17/2023 8:10,2/17/2023 8:40,2/17/2023 8:40,2,28.78
901,1/9/2023 4:05,1/9/2023 4:35,1/9/2023 4:35,1,46.73
902,3/8/2023 23:44,3/9/2023 0:14,3/9/2023 0:14,8,80.82
903,10/23/2023 1:27,10/23/2023 1:57,10/23/2023 1:57,3,51.78
904,7/16/2023 14:56,7/16/2023 15:26,7/16/2023 15:26,8,48.24
905,11/8/2023 21:10,11/8/2023 21:40,11/8/2023 21:40,4,32.07
906,7/1/2023 19:50,7/1/2023 20:20,7/1/2023 20:20,1,83.03
907,12/16/2023 22:04,12/16/2023 22:34,12/16/2023 22:34,9,56.48
908,4/8/2023 9:35,4/8/2023 10:05,4/8/2023 10:05,4,91.64
909,10/17/2023 4:13,10/17/2023 4:43,10/17/2023 4:43,3,30.07
910,8/4/2023 8:08,8/4/2023 8:38,8/4/2023 8:38,1,27.5
911,3/11/2023 9:45,3/11/2023 10:15,3/11/2023 10:15,1,95.59
912,12/21/2023 14:20,12/21/2023 14:50,12/21/2023 14:50,6,98.03
913,10/6/2023 9:20,10/6/2023 9:50,10/6/2023 9:50,9,32.12
914,10/9/2023 13:44,10/9/2023 14:14,10/9/2023 14:14,10,74.05
915,4/28/2023 18:09,4/28/2023 18:39,4/28/2023 18:39,1,88.75
916,4/14/2023 23:29,4/14/2023 23:59,4/14/2023 23:59,7,66.51
917,11/10/2023 4:36,11/10/2023 5:06,,10,87.53
918,11/4/2023 21:41,11/4/2023 22:11,11/4/2023 22:11,5,24.85
919,3/22/2023 14:59,3/22/2023 15:29,3/22/2023 15:29,8,95.98
920,7/27/2023 0:05,7/27/2023 0:35,7/27/2023 0:35,10,60.6
921,2/7/2023 16:35,2/7/2023 17:05,2/7/2023 17:05,7,32.24
922,10/15/2023 9:05,10/15/2023 9:35,10/15/2023 9:35,9,42.61
923,3/12/2023 21:08,3/12/2023 21:38,3/12/2023 21:38,3,66.51
924,9/7/2023 17:12,9/7/2023 17:42,,10,70.53
925,6/28/2023 2:13,6/28/2023 2:43,6/28/2023 2:43,7,39.37
926,6/19/2023 13:13,6/19/2023 13:43,6/19/2023 13:43,2,80.65
927,12/12/2023 5:49,12/12/2023 6:19,12/12/2023 6:19,3,83.53
928,10/28/2023 9:40,10/28/2023 10:10,10/28/2023 10:10,3,60.85
929,4/1/2023 2:01,4/1/2023 2:31,4/1/2023 2:31,1,95.45
930,5/4/2023 16:07,5/4/2023 16:37,5/4/2023 16:37,9,48.61
931,10/21/2023 4:47,10/21/2023 5:17,10/21/2023 5:17,3,57.78
932,10/9/2023 16:12,10/9/2023 16:42,10/9/2023 16:42,5,37.88
933,8/12/2023 21:47,8/12/2023 22:17,8/12/2023 22:17,6,26.76
934,2/28/2023 2:34,2/28/2023 3:04,2/28/2023 3:04,2,51.29
935,2/16/2023 9:29,2/16/2023 9:59,2/16/2023 9:59,3,29.76
936,8/24/2023 9:19,8/24/2023 9:49,8/24/2023 9:49,3,50.28
937,8/1/2023 21:17,8/1/2023 21:47,8/1/2023 21:47,5,54.87
938,3/7/2023 18:36,3/7/2023 19:06,3/7/2023 19:06,1,97.54
939,11/22/2023 8:24,11/22/2023 8:54,11/22/2023 8:54,4,52.76
940,8/29/2023 1:11,8/29/2023 1:41,,3,28.21
941,7/5/2023 22:31,7/5/2023 23:01,7/5/2023 23:01,2,77.95
942,8/4/2023 9:05,8/4/2023 9:35,8/4/2023 9:35,2,59.8
943,6/27/2023 0:03,6/27/2023 0:33,6/27/2023 0:33,3,61.22
944,9/17/2023 10:38,9/17/2023 11:08,9/17/2023 11:08,5,25.34
945,6/3/2023 3:50,6/3/2023 4:20,,4,59.76
946,6/1/2023 16:46,6/1/2023 17:16,6/1/2023 17:16,1,88.13
947,4/20/2023 13:38,4/20/2023 14:08,4/20/2023 14:08,8,52.39
948,6/21/2023 5:17,6/21/2023 5:47,6/21/2023 5:47,5,61.56
949,3/25/2023 6:17,3/25/2023 6:47,3/25/2023 6:47,1,88.07
950,5/23/2023 22:39,5/23/2023 23:09,5/23/2023 23:09,4,70.77
951,8/6/2023 8:19,8/6/2023 8:49,8/6/2023 8:49,3,36.45
952,1/16/2023 17:17,1/16/2023 17:47,1/16/2023 17:47,6,33.01
953,9/1/2023 3:45,9/1/2023 4:15,9/1/2023 4:15,4,74.97
954,7/8/2023 9:23,7/8/2023 9:53,7/8/2023 9:53,2,33.83
955,10/6/2023 1:25,10/6/2023 1:55,10/6/2023 1:55,1,31.04
956,5/21/2023 3:53,5/21/2023 4:23,5/21/2023 4:23,1,72.09
957,12/4/2023 10:38,12/4/2023 11:08,12/4/2023 11:08,2,83.74
958,2/6/2023 13:30,2/6/2023 14:00,,7,28.73
959,3/9/2023 17:09,3/9/2023 17:39,3/9/2023 17:39,4,86.25
960,1/4/2023 7:41,1/4/2023 8:11,1/4/2023 8:11,3,30.3
961,11/24/2023 19:19,11/24/2023 19:49,11/24/2023 19:49,7,84.43
962,12/14/2023 3:44,12/14/2023 4:14,12/14/2023 4:14,3,92.62
963,8/15/2023 15:57,8/15/2023 16:27,8/15/2023 16:27,6,85.26
964,10/25/2023 7:49,10/25/2023 8:19,10/25/2023 8:19,4,95.24
965,8/29/2023 17:20,8/29/2023 17:50,8/29/2023 17:50,2,42.84
966,8/15/2023 11:47,8/15/2023 12:17,8/15/2023 12:17,7,53.76
967,2/8/2023 11:04,2/8/2023 11:34,2/8/2023 11:34,4,70.82
968,4/20/2023 17:26,4/20/2023 17:56,4/20/2023 17:56,1,33.71
969,9/30/2023 15:07,9/30/2023 15:37,9/30/2023 15:37,6,60.31
970,1/4/2023 4:32,1/4/2023 5:02,1/4/2023 5:02,5,51.17
971,2/17/2023 11:22,2/17/2023 11:52,2/17/2023 11:52,7,74.16
972,9/8/2023 1:56,9/8/2023 2:26,9/8/2023 2:26,9,26.27
973,2/27/2023 15:33,2/27/2023 16:03,2/27/2023 16:03,1,74.3
974,12/24/2023 22:05,12/24/2023 22:35,12/24/2023 22:35,3,69.74
975,1/22/2023 16:58,1/22/2023 17:28,1/22/2023 17:28,10,88.48
976,11/25/2023 8:19,11/25/2023 8:49,11/25/2023 8:49,1,43.72
977,11/21/2023 18:28,11/21/2023 18:58,11/21/2023 18:58,1,28.61
978,7/29/2023 3:38,7/29/2023 4:08,7/29/2023 4:08,9,49.98
979,10/3/2023 3:59,10/3/2023 4:29,10/3/2023 4:29,3,89.89
980,9/20/2023 16:55,9/20/2023 17:25,9/20/2023 17:25,6,26.51
981,11/12/2023 17:37,11/12/2023 18:07,11/12/2023 18:07,4,64.91
982,3/25/2023 13:26,3/25/2023 13:56,3/25/2023 13:56,9,42.12
983,11/21/2023 5:01,11/21/2023 5:31,11/21/2023 5:31,8,92.69
984,10/26/2023 5:52,10/26/2023 6:22,10/26/2023 6:22,2,23.7
985,10/10/2023 12:02,10/10/2023 12:32,10/10/2023 12:32,5,30.83
986,10/25/2023 16:06,10/25/2023 16:36,10/25/2023 16:36,3,37.17
987,1/19/2023 20:48,1/19/2023 21:18,1/19/2023 21:18,8,78.51
988,8/26/2023 0:27,8/26/2023 0:57,8/26/2023 0:57,8,87.41
989,7/14/2023 10:08,7/14/2023 10:38,7/14/2023 10:38,3,71.69
990,8/13/2023 15:20,8/13/2023 15:50,8/13/2023 15:50,2,25.47
991,2/5/2023 16:20,2/5/2023 16:50,2/5/2023 16:50,3,31.73
992,5/9/2023 21:42,5/9/2023 22:12,5/9/2023 22:12,4,57.71
993,8/26/2023 14:25,8/26/2023 14:55,8/26/2023 14:55,5,35.91
994,6/17/2023 14:15,6/17/2023 14:45,6/17/2023 14:45,10,97.91
995,8/1/2023 9:38,8/1/2023 10:08,8/1/2023 10:08,10,47.24
996,12/11/2023 7:09,12/11/2023 7:39,12/11/2023 7:39,10,57.59
997,12/27/2023 6:15,12/27/2023 6:45,12/27/2023 6:45,3,23.35
998,6/18/2023 13:18,6/18/2023 13:48,6/18/2023 13:48,1,61.33
999,5/30/2023 12:20,5/30/2023 12:50,5/30/2023 12:50,1,59.14
1000,5/15/2023 10:26,5/15/2023 10:56,5/15/2023 10:56,1,21.96
